"STATION","NAME","LATITUDE","LONGITUDE","ELEVATION","DATE","AWND","AWND_ATTRIBUTES","EMNT","EMNT_ATTRIBUTES","EMSN","EMSN_ATTRIBUTES","EMXP","EMXP_ATTRIBUTES","EMXT","EMXT_ATTRIBUTES","PRCP","PRCP_ATTRIBUTES","SNOW","SNOW_ATTRIBUTES","TAVG","TAVG_ATTRIBUTES","TMAX","TMAX_ATTRIBUTES","WDF5","WDF5_ATTRIBUTES"
"US1CASC0052","SAN JOSE 1.9 SW, CA US","37.2884","-121.8772","43.0","2015-01",,,,,,,"0.02",",,N,19,",,,"0.04",",,,N",,,,,,,,
"US1CASC0052","SAN JOSE 1.9 SW, CA US","37.2884","-121.8772","43.0","2015-02",,,,,"0.0","4,,N,28,+","1.56",",,N,07,",,,"2.27",",,,N","0.0","4,,,N",,,,,,
"US1CASC0052","SAN JOSE 1.9 SW, CA US","37.2884","-121.8772","43.0","2015-03",,,,,"0.0","4,,N,31,+","0.13",",,N,01,",,,"0.37",",,,N","0.0","4,,,N",,,,,,
"US1CASC0052","SAN JOSE 1.9 SW, CA US","37.2884","-121.8772","43.0","2015-04",,,,,"0.0","3,,N,30,+","0.54",",,N,07,",,,"0.84",",,,N","0.0","3,,,N",,,,,,
"US1CASC0052","SAN JOSE 1.9 SW, CA US","37.2884","-121.8772","43.0","2015-05",,,,,"0.0","2,,N,31,+","0.14",",,N,15,",,,"0.24",",,,N","0.0","2,,,N",,,,,,
"US1CASC0052","SAN JOSE 1.9 SW, CA US","37.2884","-121.8772","43.0","2015-06",,,,,"0.0","1,,N,30,+","0.04",",,N,11,",,,"0.04",",,,N","0.0","1,,,N",,,,,,
"US1CASC0052","SAN JOSE 1.9 SW, CA US","37.2884","-121.8772","43.0","2015-07",,,,,"0.0","1,,N,31,+","0.05",",,N,20,",,,"0.05",",,,N","0.0","1,,,N",,,,,,
"US1CASC0052","SAN JOSE 1.9 SW, CA US","37.2884","-121.8772","43.0","2015-10",,,,,,,"0.05","3,,N,01,",,,"0.14","3,,,N",,,,,,,,
"US1CASC0052","SAN JOSE 1.9 SW, CA US","37.2884","-121.8772","43.0","2015-11",,,,,,,"0.88",",,N,02,",,,"2.40",",,,N",,,,,,,,
"US1CASC0052","SAN JOSE 1.9 SW, CA US","37.2884","-121.8772","43.0","2015-12",,,,,,,"0.64",",,N,22,",,,"2.26",",,,N",,,,,,,,
"US1CASC0052","SAN JOSE 1.9 SW, CA US","37.2884","-121.8772","43.0","2016-01",,,,,,,"0.97","3,,N,18,",,,"4.26","3,,,N",,,,,,,,
"US1CASC0052","SAN JOSE 1.9 SW, CA US","37.2884","-121.8772","43.0","2016-02",,,,,,,"0.46","1,,N,18,",,,"0.54","1,,,N",,,,,,,,
"US1CASC0011","CAMBRIAN PARK 2.2 SE, CA US","37.2341","-121.8974","76.8","2015-01",,,,,"0.0","1,,N,31,+","0.02",",,N,19,",,,"0.02",",,,N","0.0","1,,,N",,,,,,
"US1CASC0011","CAMBRIAN PARK 2.2 SE, CA US","37.2341","-121.8974","76.8","2015-02",,,,,"0.0","5,,N,28,+","2.50",",,N,07,",,,"3.84",",,,N","0.0","5,,,N",,,,,,
"US1CASC0011","CAMBRIAN PARK 2.2 SE, CA US","37.2341","-121.8974","76.8","2015-03",,,,,"0.0","4,,N,31,+","0.11",",,N,01,",,,"0.31",",,,N","0.0","4,,,N",,,,,,
"US1CASC0011","CAMBRIAN PARK 2.2 SE, CA US","37.2341","-121.8974","76.8","2015-04",,,,,"0.0","3,,N,30,+","1.06",",,N,07,",,,"1.31",",,,N","0.0","3,,,N",,,,,,
"US1CASC0011","CAMBRIAN PARK 2.2 SE, CA US","37.2341","-121.8974","76.8","2015-05",,,,,"0.0","2,,N,31,+","0.11",",,N,08,",,,"0.19",",,,N","0.0","2,,,N",,,,,,
"US1CASC0011","CAMBRIAN PARK 2.2 SE, CA US","37.2341","-121.8974","76.8","2015-06",,,,,"0.0","3,,N,30,+","0.03",",,N,11,",,,"0.04",",,,N","0.0","3,,,N",,,,,,
"US1CASC0011","CAMBRIAN PARK 2.2 SE, CA US","37.2341","-121.8974","76.8","2015-07",,,,,"0.0",",,N,31,+","0.00",",,N,31,+",,,"0.00",",,,N","0.0",",,,N",,,,,,
"US1CASC0011","CAMBRIAN PARK 2.2 SE, CA US","37.2341","-121.8974","76.8","2015-08",,,,,"0.0","2,,N,31,+","0.01",",,N,07,",,,"0.01",",,,N","0.0","2,,,N",,,,,,
"US1CASC0011","CAMBRIAN PARK 2.2 SE, CA US","37.2341","-121.8974","76.8","2015-09",,,,,"0.0",",,N,30,+","0.00",",,N,30,+",,,"0.00",",,,N","0.0",",,,N",,,,,,
"US1CASC0011","CAMBRIAN PARK 2.2 SE, CA US","37.2341","-121.8974","76.8","2015-10",,,,,,,"0.05",",,N,01,",,,"0.16",",,,N",,,,,,,,
"US1CASC0011","CAMBRIAN PARK 2.2 SE, CA US","37.2341","-121.8974","76.8","2015-11",,,,,,,"0.80",",,N,02,",,,"2.27",",,,N",,,,,,,,
"US1CASC0011","CAMBRIAN PARK 2.2 SE, CA US","37.2341","-121.8974","76.8","2015-12",,,,,,,"0.41",",,N,22,",,,"2.42",",,,N",,,,,,,,
"US1CASC0011","CAMBRIAN PARK 2.2 SE, CA US","37.2341","-121.8974","76.8","2016-01",,,,,,,"1.10",",,N,05,",,,"6.07",",,,N",,,,,,,,
"US1CASC0011","CAMBRIAN PARK 2.2 SE, CA US","37.2341","-121.8974","76.8","2016-02",,,,,,,"0.85",",,N,18,",,,"1.00",",,,N",,,,,,,,
"US1CASC0011","CAMBRIAN PARK 2.2 SE, CA US","37.2341","-121.8974","76.8","2016-03",,,,,,,"2.21","2,,N,06,",,,"5.49","2,,,N",,,,,,,,
"US1CASC0032","CAMPBELL 2.8 N, CA US","37.3185","-121.9608","42.4","2015-01",,,,,"0.0","2,,N,31,+","0.01",",,N,19,",,,"0.01",",,,N","0.0","2,,,N",,,,,,
"US1CASC0032","CAMPBELL 2.8 N, CA US","37.3185","-121.9608","42.4","2015-02",,,,,"0.0","4,,N,28,+","1.65",",,N,07,",,,"2.39",",,,N","0.0","4,,,N",,,,,,
"US1CASC0032","CAMPBELL 2.8 N, CA US","37.3185","-121.9608","42.4","2015-03",,,,,"0.0","5,,N,31,+","0.08",",,N,01,",,,"0.24",",,,N","0.0","5,,,N",,,,,,
"US1CASC0032","CAMPBELL 2.8 N, CA US","37.3185","-121.9608","42.4","2015-04",,,,,"0.0","3,,N,30,+","0.61",",,N,07,",,,"0.85",",,,N","0.0","3,,,N",,,,,,
"US1CASC0032","CAMPBELL 2.8 N, CA US","37.3185","-121.9608","42.4","2015-05",,,,,"0.0","2,,N,31,+","0.07",",,N,08,",,,"0.07",",,,N","0.0","2,,,N",,,,,,
"US1CASC0032","CAMPBELL 2.8 N, CA US","37.3185","-121.9608","42.4","2015-06",,,,,"0.0","2,,N,30,+","0.08",",,N,11,",,,"0.08",",,,N","0.0","2,,,N",,,,,,
"US1CASC0032","CAMPBELL 2.8 N, CA US","37.3185","-121.9608","42.4","2015-07",,,,,"0.0","1,,N,31,+","0.00",",T,N,20,",,,"0.00",",T,,N","0.0","1,,,N",,,,,,
"US1CASC0032","CAMPBELL 2.8 N, CA US","37.3185","-121.9608","42.4","2015-08",,,,,"0.0","2,,N,31,+","0.00",",T,N,07,+",,,"0.00",",T,,N","0.0","2,,,N",,,,,,
"US1CASC0032","CAMPBELL 2.8 N, CA US","37.3185","-121.9608","42.4","2015-09",,,,,"0.0",",,N,30,+","0.00",",,N,30,+",,,"0.00",",,,N","0.0",",,,N",,,,,,
"US1CASC0032","CAMPBELL 2.8 N, CA US","37.3185","-121.9608","42.4","2015-10",,,,,"0.0","5,,N,31,+","0.03",",,N,28,",,,"0.05",",,,N","0.0","5,,,N",,,,,,
"US1CASC0032","CAMPBELL 2.8 N, CA US","37.3185","-121.9608","42.4","2015-11",,,,,,,"0.82",",,N,02,",,,"2.69",",,,N",,,,,,,,
"US1CASC0032","CAMPBELL 2.8 N, CA US","37.3185","-121.9608","42.4","2016-01",,,,,,,"1.06",",,N,18,",,,"4.83",",,,N",,,,,,,,
"US1CASC0032","CAMPBELL 2.8 N, CA US","37.3185","-121.9608","42.4","2016-02",,,,,,,"0.36",",,N,18,",,,"0.45",",,,N",,,,,,,,
"US1CASC0032","CAMPBELL 2.8 N, CA US","37.3185","-121.9608","42.4","2016-03",,,,,,,"1.61",",,N,06,",,,"4.20",",,,N",,,,,,,,
"US1CASC0054","GILROY 0.1 SE, CA US","37.0092","-121.577","64.3","2015-01",,,,,"0.0","4,,N,31,+","0.00","3,T,N,28,",,,"0.00","3,T,,N","0.0","4,,,N",,,,,,
"US1CASC0054","GILROY 0.1 SE, CA US","37.0092","-121.577","64.3","2015-02",,,,,,,"1.94","2,,N,07,",,,"2.80","2,,,N",,,,,,,,
"US1CASC0054","GILROY 0.1 SE, CA US","37.0092","-121.577","64.3","2015-03",,,,,,,"0.10","1,,N,12,",,,"0.25","1,,,N",,,,,,,,
"US1CASC0054","GILROY 0.1 SE, CA US","37.0092","-121.577","64.3","2015-07",,,,,,,"0.00","3,T,N,16,+",,,"0.00","3,T,,N",,,,,,,,
"US1CASC0054","GILROY 0.1 SE, CA US","37.0092","-121.577","64.3","2015-08",,,,,"0.0","4,,N,31,+","0.04","2,,N,07,",,,"0.04","2,,,N","0.0","4,,,N",,,,,,
"US1CASC0054","GILROY 0.1 SE, CA US","37.0092","-121.577","64.3","2015-09",,,,,"0.0","4,,N,30,+","0.00","2,T,N,30,+",,,"0.00","2,T,,N","0.0","4,,,N",,,,,,
"US1CASC0054","GILROY 0.1 SE, CA US","37.0092","-121.577","64.3","2015-10",,,,,,,"0.31","1,,N,01,",,,"0.43","1,,,N",,,,,,,,
"US1CASC0054","GILROY 0.1 SE, CA US","37.0092","-121.577","64.3","2015-11",,,,,,,"0.68",",,N,03,",,,"2.95",",,,N",,,,,,,,
"US1CASC0054","GILROY 0.1 SE, CA US","37.0092","-121.577","64.3","2015-12",,,,,,,"0.50","2,,N,11,",,,"2.49","2,,,N",,,,,,,,
"US1CASC0054","GILROY 0.1 SE, CA US","37.0092","-121.577","64.3","2016-02",,,,,,,"1.12","2,,N,18,",,,"1.44","2,,,N",,,,,,,,
"USW00023244","MOFFETT FEDERAL AIRFIELD, CA US","37.40583","-122.04806","11.9","2015-01","2.0",",W","31",",W,03,","0.0",",,W,31,+","0.00",",,W,31,+","73",",W,31,","0.00",",,,W","0.0",",,,W","52.3",",W","62.4",",,,W","80","1,W"
"USW00023244","MOFFETT FEDERAL AIRFIELD, CA US","37.40583","-122.04806","11.9","2015-02","4.0",",W","38",",W,24,","0.0","2,,W,28,+","1.30",",,W,06,","75",",W,15,+","2.45",",,,W","0.0","2,,,W","57.6",",W","67.2",",,,W","170",",W"
"USW00023244","MOFFETT FEDERAL AIRFIELD, CA US","37.40583","-122.04806","11.9","2015-03","4.5",",W","40",",W,01,","0.0",",,W,31,+","0.08",",,W,11,","84",",W,26,","0.16",",,,W","0.0",",,,W","60.1",",W","71.0",",,,W","320","3,W"
"USW00023244","MOFFETT FEDERAL AIRFIELD, CA US","37.40583","-122.04806","11.9","2015-04","5.8","1,W","41","2,W,06,","0.0","2,,W,30,+","0.57",",,W,07,","85","2,W,27,","0.88",",,,W","0.0","2,,,W","59.6","2,W","70.1","2,,,W","10","2,W"
"USW00023244","MOFFETT FEDERAL AIRFIELD, CA US","37.40583","-122.04806","11.9","2015-05","6.7",",W",,,"0.0",",,W,31,+","0.60",",,W,14,",,,"0.64",",,,W","0.0",",,,W",,,,,"340","1,W"
"USW00023244","MOFFETT FEDERAL AIRFIELD, CA US","37.40583","-122.04806","11.9","2015-06","6.7",",W","52",",W,04,","0.0",",,W,30,+","0.10",",,W,10,","91",",W,08,","0.11",",,,W","0.0",",,,W","66.8",",W","76.3",",,,W","330","1,W"
"USW00023244","MOFFETT FEDERAL AIRFIELD, CA US","37.40583","-122.04806","11.9","2015-07","7.4",",W","56",",W,24,","0.0",",,W,31,+","0.00",",T,W,10,+","92",",W,28,","0.00",",T,,W","0.0",",,,W","69.7",",W","78.4",",,,W","340",",W"
"USW00023244","MOFFETT FEDERAL AIRFIELD, CA US","37.40583","-122.04806","11.9","2015-08","6.7",",W","57",",W,09,","0.0",",,W,31,+","0.01",",,W,06,","97",",W,16,","0.01",",,,W","0.0",",,,W","70.6",",W","79.7",",,,W","10",",W"
"USW00023244","MOFFETT FEDERAL AIRFIELD, CA US","37.40583","-122.04806","11.9","2015-09","4.7",",W","51",",W,05,","0.0",",,W,30,+","0.01",",,W,30,","97",",W,08,","0.01",",,,W","0.0",",,,W","69.9",",W","81.6",",,,W","350",",W"
"USW00023244","MOFFETT FEDERAL AIRFIELD, CA US","37.40583","-122.04806","11.9","2015-10","3.8",",W","50",",W,30,","0.0",",,W,31,+","0.03",",,W,27,","90",",W,13,","0.06",",,,W","0.0",",,,W","67.3",",W","77.8",",,,W","270",",W"
"USW00023244","MOFFETT FEDERAL AIRFIELD, CA US","37.40583","-122.04806","11.9","2015-11","3.6",",W","31",",W,29,","0.0","5,,W,30,+","1.38",",,W,02,","73","1,W,01,","2.43",",,,W","0.0","5,,,W","53.2","1,W","62.8","1,,,W","280","1,W"
"USW00023244","MOFFETT FEDERAL AIRFIELD, CA US","37.40583","-122.04806","11.9","2015-12","4.9",",W","29",",W,27,",,,"0.40",",,W,21,","70",",W,09,","1.93",",,,W",,,"49.4",",W","57.6",",,,W","250",",W"
"USW00023244","MOFFETT FEDERAL AIRFIELD, CA US","37.40583","-122.04806","11.9","2016-01","4.9",",W","34",",W,01,","0.0","5,,W,31,+","0.79",",,W,05,","68",",W,21,","3.58",",,,W","0.0","5,,,W","53.3",",W","60.1",",,,W","310",",W"
"USW00023244","MOFFETT FEDERAL AIRFIELD, CA US","37.40583","-122.04806","11.9","2016-02","4.0",",W","39",",W,03,","0.0","1,,W,29,+","0.26",",,W,17,","78",",W,16,+","0.38",",,,W","0.0","1,,,W","57.5",",W","68.1",",,,W","190",",W"
"USW00023244","MOFFETT FEDERAL AIRFIELD, CA US","37.40583","-122.04806","11.9","2016-03","6.0",",W","41",",W,29,",,,"1.06",",,W,05,","77",",W,17,","3.26",",,,W",,,"57.9",",W","66.5",",,,W","180",",W"
"US1CASC0005","MONTE SERENO 0.4 SSW, CA US","37.2324","-121.9902","142.3","2015-01",,,,,"0.0","3,,N,31,+","0.03","1,,N,20,",,,"0.03","1,,,N","0.0","3,,,N",,,,,,
"US1CASC0005","MONTE SERENO 0.4 SSW, CA US","37.2324","-121.9902","142.3","2015-03",,,,,,,"0.16","2,,N,01,",,,"0.36","2,,,N",,,,,,,,
"US1CASC0005","MONTE SERENO 0.4 SSW, CA US","37.2324","-121.9902","142.3","2015-06",,,,,"0.0","2,,N,30,+","0.04",",,N,11,",,,"0.04",",,,N","0.0","2,,,N",,,,,,
"US1CASC0005","MONTE SERENO 0.4 SSW, CA US","37.2324","-121.9902","142.3","2015-07",,,,,"0.0","2,,N,31,+","0.00",",T,N,20,+",,,"0.00",",T,,N","0.0","2,,,N",,,,,,
"US1CASC0005","MONTE SERENO 0.4 SSW, CA US","37.2324","-121.9902","142.3","2015-08",,,,,"0.0","2,,N,31,+","0.00",",T,N,07,+",,,"0.00",",T,,N","0.0","2,,,N",,,,,,
"US1CASC0005","MONTE SERENO 0.4 SSW, CA US","37.2324","-121.9902","142.3","2015-09",,,,,"0.0","1,,N,30,+","0.00",",T,N,15,",,,"0.00",",T,,N","0.0","1,,,N",,,,,,
"US1CASC0005","MONTE SERENO 0.4 SSW, CA US","37.2324","-121.9902","142.3","2015-10",,,,,"0.0","5,,N,31,+","0.05",",,N,28,",,,"0.15",",,,N","0.0","5,,,N",,,,,,
"US1CASC0005","MONTE SERENO 0.4 SSW, CA US","37.2324","-121.9902","142.3","2015-11",,,,,,,"1.03",",,N,02,",,,"3.17",",,,N",,,,,,,,
"US1CASC0005","MONTE SERENO 0.4 SSW, CA US","37.2324","-121.9902","142.3","2016-03",,,,,,,"3.80","4,,N,06,",,,"9.12","4,,,N",,,,,,,,
"US1CASC0007","SAN JOSE 4.6 NE, CA US","37.3543","-121.7955","96.9","2015-01",,,,,"0.0",",,N,31,+","0.00",",T,N,21,+",,,"0.00",",T,,N","0.0",",,,N",,,,,,
"US1CASC0007","SAN JOSE 4.6 NE, CA US","37.3543","-121.7955","96.9","2015-02",,,,,"0.0",",,N,28,+","0.90",",,N,07,",,,"1.54",",,,N","0.0",",,,N",,,,,,
"US1CASC0007","SAN JOSE 4.6 NE, CA US","37.3543","-121.7955","96.9","2015-03",,,,,"0.0","2,,N,31,+","0.09","2,,N,11,",,,"0.26","2,,,N","0.0","2,,,N",,,,,,
"US1CASC0007","SAN JOSE 4.6 NE, CA US","37.3543","-121.7955","96.9","2015-04",,,,,,,"0.58","3,,N,07,",,,"1.19","3,,,N",,,,,,,,
"US1CASC0007","SAN JOSE 4.6 NE, CA US","37.3543","-121.7955","96.9","2015-06",,,,,"0.0","1,,N,30,+","0.05","1,,N,11,",,,"0.05","1,,,N","0.0","1,,,N",,,,,,
"US1CASC0007","SAN JOSE 4.6 NE, CA US","37.3543","-121.7955","96.9","2015-07",,,,,"0.0","3,,N,31,+","0.00","3,T,N,10,+",,,"0.00","3,T,,N","0.0","3,,,N",,,,,,
"US1CASC0007","SAN JOSE 4.6 NE, CA US","37.3543","-121.7955","96.9","2015-08",,,,,"0.0","5,,N,31,+","0.03","5,,N,07,",,,"0.03","5,,,N","0.0","5,,,N",,,,,,
"US1CASC0007","SAN JOSE 4.6 NE, CA US","37.3543","-121.7955","96.9","2015-09",,,,,"0.0","1,,N,30,+","0.00","1,,N,30,+",,,"0.00","1,,,N","0.0","1,,,N",,,,,,
"US1CASC0007","SAN JOSE 4.6 NE, CA US","37.3543","-121.7955","96.9","2015-11",,,,,"0.0","1,,N,30,+","0.79",",,N,02,",,,"2.91",",,,N","0.0","1,,,N",,,,,,
"US1CASC0007","SAN JOSE 4.6 NE, CA US","37.3543","-121.7955","96.9","2016-02",,,,,"0.0",",,N,29,+","0.40",",,N,18,",,,"0.59",",,,N","0.0",",,,N",,,,,,
"US1CASC0007","SAN JOSE 4.6 NE, CA US","37.3543","-121.7955","96.9","2016-03",,,,,"0.0","5,,N,31,+","1.18","5,,N,06,",,,"3.99","5,,,N","0.0","5,,,N",,,,,,
"US1CASC0001","MOUNTAIN VIEW 1.2 S, CA US","37.3848","-122.0752","33.2","2015-01",,,,,"0.0","2,,N,31,+","0.02",",,N,19,",,,"0.02",",,,N","0.0","2,,,N",,,,,,
"US1CASC0001","MOUNTAIN VIEW 1.2 S, CA US","37.3848","-122.0752","33.2","2015-02",,,,,"0.0","4,,N,28,+","1.73","2,,N,07,",,,"1.73","2,,,N","0.0","4,,,N",,,,,,
"US1CASC0001","MOUNTAIN VIEW 1.2 S, CA US","37.3848","-122.0752","33.2","2015-03",,,,,"0.0","5,,N,31,+","0.06",",,N,11,+",,,"0.19",",,,N","0.0","5,,,N",,,,,,
"US1CASC0001","MOUNTAIN VIEW 1.2 S, CA US","37.3848","-122.0752","33.2","2015-04",,,,,"0.0","4,,N,30,+","0.52",",,N,07,",,,"0.89",",,,N","0.0","4,,,N",,,,,,
"US1CASC0001","MOUNTAIN VIEW 1.2 S, CA US","37.3848","-122.0752","33.2","2015-05",,,,,"0.0","2,,N,31,+","0.33",",,N,15,",,,"0.37",",,,N","0.0","2,,,N",,,,,,
"US1CASC0001","MOUNTAIN VIEW 1.2 S, CA US","37.3848","-122.0752","33.2","2015-06",,,,,"0.0","2,,N,30,+","0.11",",,N,11,",,,"0.11",",,,N","0.0","2,,,N",,,,,,
"US1CASC0001","MOUNTAIN VIEW 1.2 S, CA US","37.3848","-122.0752","33.2","2015-07",,,,,"0.0","2,,N,31,+","0.00",",T,N,10,+",,,"0.00",",T,,N","0.0","2,,,N",,,,,,
"US1CASC0001","MOUNTAIN VIEW 1.2 S, CA US","37.3848","-122.0752","33.2","2015-08",,,,,"0.0","1,,N,31,+","0.01",",,N,07,",,,"0.01",",,,N","0.0","1,,,N",,,,,,
"US1CASC0001","MOUNTAIN VIEW 1.2 S, CA US","37.3848","-122.0752","33.2","2015-09",,,,,"0.0",",,N,30,+","0.00",",,N,30,+",,,"0.00",",,,N","0.0",",,,N",,,,,,
"US1CASC0001","MOUNTAIN VIEW 1.2 S, CA US","37.3848","-122.0752","33.2","2015-10",,,,,"0.0","3,,N,31,+","0.04",",,N,28,",,,"0.06",",,,N","0.0","3,,,N",,,,,,
"US1CASC0001","MOUNTAIN VIEW 1.2 S, CA US","37.3848","-122.0752","33.2","2015-11",,,,,,,"0.76",",,N,02,",,,"2.42",",,,N",,,,,,,,
"US1CASC0001","MOUNTAIN VIEW 1.2 S, CA US","37.3848","-122.0752","33.2","2015-12",,,,,,,"0.50",",,N,22,",,,"1.97",",,,N",,,,,,,,
"US1CASC0001","MOUNTAIN VIEW 1.2 S, CA US","37.3848","-122.0752","33.2","2016-01",,,,,,,"1.01",",,N,18,",,,"4.06",",,,N",,,,,,,,
"US1CASC0001","MOUNTAIN VIEW 1.2 S, CA US","37.3848","-122.0752","33.2","2016-02",,,,,"0.0","5,,N,29,+","0.49",",,N,18,",,,"0.58",",,,N","0.0","5,,,N",,,,,,
"US1CASC0001","MOUNTAIN VIEW 1.2 S, CA US","37.3848","-122.0752","33.2","2016-03",,,,,,,"1.52",",,N,06,",,,"3.87",",,,N",,,,,,,,
"US1CASC0045","MORGAN HILL 1.4 SW, CA US","37.1168","-121.6591","132.0","2015-01",,,,,"0.0","2,,N,31,+","0.02",",,N,19,",,,"0.02",",,,N","0.0","2,,,N",,,,,,
"US1CASC0045","MORGAN HILL 1.4 SW, CA US","37.1168","-121.6591","132.0","2015-02",,,,,"0.0","5,,N,28,+","3.42",",,N,07,",,,"5.10",",,,N","0.0","5,,,N",,,,,,
"US1CASC0045","MORGAN HILL 1.4 SW, CA US","37.1168","-121.6591","132.0","2015-03",,,,,"0.0","4,,N,31,+","0.34",",,N,01,",,,"0.68",",,,N","0.0","4,,,N",,,,,,
"US1CASC0045","MORGAN HILL 1.4 SW, CA US","37.1168","-121.6591","132.0","2015-04",,,,,"0.0","4,,N,30,+","0.68",",,N,07,",,,"0.86",",,,N","0.0","4,,,N",,,,,,
"US1CASC0045","MORGAN HILL 1.4 SW, CA US","37.1168","-121.6591","132.0","2015-05",,,,,"0.0","2,,N,31,+","0.08",",,N,08,",,,"0.08",",,,N","0.0","2,,,N",,,,,,
"US1CASC0045","MORGAN HILL 1.4 SW, CA US","37.1168","-121.6591","132.0","2015-06",,,,,"0.0",",,N,30,+","0.00",",,N,30,+",,,"0.00",",,,N","0.0",",,,N",,,,,,
"US1CASC0045","MORGAN HILL 1.4 SW, CA US","37.1168","-121.6591","132.0","2015-07",,,,,"0.0","1,,N,31,+","0.00",",T,N,20,",,,"0.00",",T,,N","0.0","1,,,N",,,,,,
"US1CASC0045","MORGAN HILL 1.4 SW, CA US","37.1168","-121.6591","132.0","2015-08",,,,,"0.0",",,N,31,+","0.00",",,N,31,+",,,"0.00",",,,N","0.0",",,,N",,,,,,
"US1CASC0045","MORGAN HILL 1.4 SW, CA US","37.1168","-121.6591","132.0","2015-09",,,,,"0.0","1,,N,30,+","0.00",",T,N,15,",,,"0.00",",T,,N","0.0","1,,,N",,,,,,
"US1CASC0045","MORGAN HILL 1.4 SW, CA US","37.1168","-121.6591","132.0","2015-10",,,,,,,"0.14",",,N,01,",,,"0.25",",,,N",,,,,,,,
"US1CASC0045","MORGAN HILL 1.4 SW, CA US","37.1168","-121.6591","132.0","2015-11",,,,,,,"0.75",",,N,10,",,,"2.83",",,,N",,,,,,,,
"US1CASC0045","MORGAN HILL 1.4 SW, CA US","37.1168","-121.6591","132.0","2015-12",,,,,,,"0.87",",,N,14,",,,"3.35",",,,N",,,,,,,,
"US1CASC0045","MORGAN HILL 1.4 SW, CA US","37.1168","-121.6591","132.0","2016-02",,,,,,,"0.95","2,,N,18,",,,"1.20","2,,,N",,,,,,,,
"US1CASC0045","MORGAN HILL 1.4 SW, CA US","37.1168","-121.6591","132.0","2016-03",,,,,,,"2.11",",,N,06,",,,"7.11",",,,N",,,,,,,,
"US1CASC0003","SUNNYVALE 1.9 SE, CA US","37.3647","-122.0042","25.9","2015-01",,,,,"0.0","2,,N,31,+","0.01",",,N,19,",,,"0.01",",,,N","0.0","2,,,N",,,,,,
"US1CASC0003","SUNNYVALE 1.9 SE, CA US","37.3647","-122.0042","25.9","2015-02",,,,,"0.0","4,,N,28,+","1.56",",,N,07,",,,"2.48",",,,N","0.0","4,,,N",,,,,,
"US1CASC0003","SUNNYVALE 1.9 SE, CA US","37.3647","-122.0042","25.9","2015-03",,,,,"0.0","5,,N,31,+","0.06",",,N,11,",,,"0.15",",,,N","0.0","5,,,N",,,,,,
"US1CASC0003","SUNNYVALE 1.9 SE, CA US","37.3647","-122.0042","25.9","2015-04",,,,,"0.0","4,,N,30,+","0.51",",,N,07,",,,"0.85",",,,N","0.0","4,,,N",,,,,,
"US1CASC0003","SUNNYVALE 1.9 SE, CA US","37.3647","-122.0042","25.9","2015-05",,,,,"0.0","3,,N,31,+","0.59",",,N,15,",,,"0.62",",,,N","0.0","3,,,N",,,,,,
"US1CASC0003","SUNNYVALE 1.9 SE, CA US","37.3647","-122.0042","25.9","2015-06",,,,,"0.0","2,,N,30,+","0.11",",,N,11,",,,"0.11",",,,N","0.0","2,,,N",,,,,,
"US1CASC0003","SUNNYVALE 1.9 SE, CA US","37.3647","-122.0042","25.9","2015-07",,,,,"0.0","2,,N,31,+","0.00",",T,N,10,+",,,"0.00",",T,,N","0.0","2,,,N",,,,,,
"US1CASC0003","SUNNYVALE 1.9 SE, CA US","37.3647","-122.0042","25.9","2015-08",,,,,"0.0","2,,N,31,+","0.01",",,N,07,",,,"0.01",",,,N","0.0","2,,,N",,,,,,
"US1CASC0003","SUNNYVALE 1.9 SE, CA US","37.3647","-122.0042","25.9","2015-09",,,,,"0.0","2,,N,30,+","0.00",",T,N,17,+",,,"0.00",",T,,N","0.0","2,,,N",,,,,,
"US1CASC0003","SUNNYVALE 1.9 SE, CA US","37.3647","-122.0042","25.9","2015-10",,,,,"0.0","4,,N,31,+","0.04",",,N,28,",,,"0.07",",,,N","0.0","4,,,N",,,,,,
"US1CASC0003","SUNNYVALE 1.9 SE, CA US","37.3647","-122.0042","25.9","2015-11",,,,,,,"0.71",",,N,02,",,,"2.54",",,,N",,,,,,,,
"US1CASC0003","SUNNYVALE 1.9 SE, CA US","37.3647","-122.0042","25.9","2015-12",,,,,,,"0.60",",,N,22,",,,"2.37",",,,N",,,,,,,,
"US1CASC0003","SUNNYVALE 1.9 SE, CA US","37.3647","-122.0042","25.9","2016-01",,,,,,,"0.93","2,,N,18,",,,"4.16","2,,,N",,,,,,,,
"US1CASC0003","SUNNYVALE 1.9 SE, CA US","37.3647","-122.0042","25.9","2016-02",,,,,"0.0","5,,N,29,+","0.25",",,N,18,",,,"0.31",",,,N","0.0","5,,,N",,,,,,
"US1CASC0003","SUNNYVALE 1.9 SE, CA US","37.3647","-122.0042","25.9","2016-03",,,,,,,"1.36",",,N,06,",,,"4.24",",,,N",,,,,,,,
"USC00045123","LOS GATOS, CA US","37.2319","-121.9592","111.3","2015-02",,,"37","4,7,26,+",,,"1.55","4,,7,08,","75","4,7,13,","3.40","4,,,7",,,"56.2","4,7","68.2","4,,,7",,
"USC00045123","LOS GATOS, CA US","37.2319","-121.9592","111.3","2015-03",,,"37","1,7,05,",,,"0.05",",,7,02,","87","1,7,14,","0.05",",,,7",,,"59.8","1,7","74.3","1,,,7",,
"USC00045123","LOS GATOS, CA US","37.2319","-121.9592","111.3","2015-06",,,"49","1,7,20,+",,,"0.00","1,,7,30,+","99","1,7,30,","0.00","1,,,7",,,"69.6","1,7","85.2","1,,,7",,
"USC00045123","LOS GATOS, CA US","37.2319","-121.9592","111.3","2015-12",,,"27",",7,27,",,,"0.76",",,7,13,","67",",7,09,+","1.70",",,,7",,,"47.1",",7","56.4",",,,7",,
"USC00045123","LOS GATOS, CA US","37.2319","-121.9592","111.3","2016-01",,,"28",",7,02,",,,"1.39",",,7,05,","66",",7,22,","6.33",",,,7",,,"50.7",",7","58.8",",,,7",,
"USC00045123","LOS GATOS, CA US","37.2319","-121.9592","111.3","2016-02",,,"34",",7,02,",,,"0.55",",,7,18,","78",",7,17,+","0.81",",,,7",,,"55.7",",7","68.9",",,,7",,
"USR0000CLGA","LOS GATOS CALIFORNIA, CA US","37.2028","-121.9428","609.6","2015-01",,,"37",",U,02,+",,,,,"78",",U,25,",,,,,"55.9",",U","63.5",",,,U",,
"USR0000CLGA","LOS GATOS CALIFORNIA, CA US","37.2028","-121.9428","609.6","2015-02",,,"39",",U,23,",,,,,"74",",U,13,",,,,,"57.1",",U","65.5",",,,U",,
"USR0000CLGA","LOS GATOS CALIFORNIA, CA US","37.2028","-121.9428","609.6","2015-03",,,"41",",U,01,",,,,,"85",",U,14,",,,,,"60.2",",U","70.5",",,,U",,
"USR0000CLGA","LOS GATOS CALIFORNIA, CA US","37.2028","-121.9428","609.6","2015-04",,,"39",",U,05,",,,,,"86",",U,30,",,,,,"57.6",",U","68.6",",,,U",,
"USR0000CLGA","LOS GATOS CALIFORNIA, CA US","37.2028","-121.9428","609.6","2015-05",,,"41",",U,13,+",,,,,"86",",U,01,",,,,,"57.2",",U","68.5",",,,U",,
"USR0000CLGA","LOS GATOS CALIFORNIA, CA US","37.2028","-121.9428","609.6","2015-06",,,"46",",U,04,",,,,,"98",",U,30,",,,,,"70.5",",U","82.5",",,,U",,
"USR0000CLGA","LOS GATOS CALIFORNIA, CA US","37.2028","-121.9428","609.6","2015-07",,,"51",",U,26,+",,,,,"99",",U,01,",,,,,"70.6",",U","83.0",",,,U",,
"USR0000CLGA","LOS GATOS CALIFORNIA, CA US","37.2028","-121.9428","609.6","2015-08",,,"51",",U,22,",,,,,"100",",U,16,",,,,,"71.1",",U","83.6",",,,U",,
"USR0000CLGA","LOS GATOS CALIFORNIA, CA US","37.2028","-121.9428","609.6","2015-09",,,"49",",U,16,",,,,,"101",",U,10,",,,,,"72.9",",U","83.9",",,,U",,
"USR0000CLGA","LOS GATOS CALIFORNIA, CA US","37.2028","-121.9428","609.6","2015-10",,,"48",",U,04,+",,,,,"94",",U,13,",,,,,"68.1",",U","78.7",",,,U",,
"USR0000CLGA","LOS GATOS CALIFORNIA, CA US","37.2028","-121.9428","609.6","2015-11",,,"33",",U,26,",,,,,"74",",U,22,",,,,,"52.0",",U","59.6",",,,U",,
"USR0000CLGA","LOS GATOS CALIFORNIA, CA US","37.2028","-121.9428","609.6","2015-12",,,"32",",U,26,",,,,,"66",",U,09,",,,,,"47.3",",U","53.5",",,,U",,
"USR0000CLGA","LOS GATOS CALIFORNIA, CA US","37.2028","-121.9428","609.6","2016-01",,,"32",",U,01,",,,,,"65",",U,21,",,,,,"49.7",",U","54.9",",,,U",,
"USR0000CLGA","LOS GATOS CALIFORNIA, CA US","37.2028","-121.9428","609.6","2016-02",,,"36","2,U,01,",,,,,"81","2,U,09,",,,,,"57.5","2,U","66.2","2,,,U",,
"USR0000CLGA","LOS GATOS CALIFORNIA, CA US","37.2028","-121.9428","609.6","2016-03",,,"39",",U,28,",,,,,"74",",U,17,",,,,,"53.9",",U","62.0",",,,U",,
"USC00048273","SKYLINE RIDGE, CA US","37.3133","-122.185","691.9","2015-01",,,"34",",7,03,+",,,"0.01",",,7,19,+","78",",7,26,","0.02",",,,7",,,"54.2",",7","62.4",",,,7",,
"USC00048273","SKYLINE RIDGE, CA US","37.3133","-122.185","691.9","2015-02",,,"38",",7,28,",,,"3.52",",,7,06,","75",",7,12,","7.45",",,,7",,,"54.7",",7","63.2",",,,7",,
"USC00048273","SKYLINE RIDGE, CA US","37.3133","-122.185","691.9","2015-03",,,"36",",7,01,",,,"0.31",",,7,22,","81",",7,15,+","0.67",",,,7",,,"57.3",",7","68.2",",,,7",,
"USC00048273","SKYLINE RIDGE, CA US","37.3133","-122.185","691.9","2015-04",,,"34","1,7,06,",,,"1.32","1,,7,25,","82","1,7,30,","2.57","1,,,7",,,"54.1","1,7","64.2","1,,,7",,
"USC00048273","SKYLINE RIDGE, CA US","37.3133","-122.185","691.9","2015-05",,,"39",",7,16,+",,,"0.09",",,7,22,","80",",7,30,","0.41",",,,7",,,"52.4",",7","60.9",",,,7",,
"USC00048273","SKYLINE RIDGE, CA US","37.3133","-122.185","691.9","2015-06",,,"45",",7,04,",,,"0.16",",,7,10,","98",",7,30,","0.24",",,,7",,,"68.3",",7","79.1",",,,7",,
"USC00048273","SKYLINE RIDGE, CA US","37.3133","-122.185","691.9","2015-07",,,"49",",7,26,",,,"0.07",",,7,09,","92",",7,01,","0.12",",,,7",,,"67.2",",7","77.9",",,,7",,
"USC00048273","SKYLINE RIDGE, CA US","37.3133","-122.185","691.9","2015-08",,,"47",",7,19,",,,"0.01",",,7,22,","95",",7,16,","0.01",",,,7",,,"67.5",",7","79.3",",,,7",,
"USC00048273","SKYLINE RIDGE, CA US","37.3133","-122.185","691.9","2015-09",,,"44",",7,04,",,,"0.02",",,7,30,","97",",7,10,","0.02",",,,7",,,"68.9",",7","79.5",",,,7",,
"USC00048273","SKYLINE RIDGE, CA US","37.3133","-122.185","691.9","2015-10",,,"46","1,7,04,",,,"0.12","1,,7,18,","92","1,7,14,+","0.26","1,,,7",,,"65.7","1,7","76.1","1,,,7",,
"USC00048273","SKYLINE RIDGE, CA US","37.3133","-122.185","691.9","2015-11",,,"30","2,7,28,+",,,"0.41","1,,7,24,","70","2,7,22,","0.78","1,,,7",,,"48.5","2,7","56.2","2,,,7",,
"USC00048273","SKYLINE RIDGE, CA US","37.3133","-122.185","691.9","2015-12",,,"29",",7,27,",,,"3.56",",,7,21,","59",",7,08,+","12.12",",,,7",,,"43.4",",7","49.4",",,,7",,
"USC00048273","SKYLINE RIDGE, CA US","37.3133","-122.185","691.9","2016-01",,,"27",",7,01,",,,"1.64",",,7,19,","65",",7,27,","11.37",",,,7",,,"46.9",",7","52.4",",,,7",,
"USC00048273","SKYLINE RIDGE, CA US","37.3133","-122.185","691.9","2016-02",,,"33","1,7,03,",,,"1.19","1,,7,17,","79","1,7,16,","2.04","1,,,7",,,"54.3","1,7","63.3","1,,,7",,
"USC00048273","SKYLINE RIDGE, CA US","37.3133","-122.185","691.9","2016-03",,,"35",",7,08,",,,"3.51",",,7,05,","72",",7,18,+","15.23",",,,7",,,"51.0",",7","59.0",",,,7",,
"USW00023293","SAN JOSE, CA US","37.3591","-121.924","15.5","2015-01","2.7",",W","30",",W,01,",,,"0.01",",,W,19,","72",",W,24,","0.01",",,,W",,,"51.4",",W","62.3",",,,W","160","1,W"
"USW00023293","SAN JOSE, CA US","37.3591","-121.924","15.5","2015-02","5.1",",W","35",",W,24,",,,"1.26",",,W,06,","77",",W,13,","1.74",",,,W",,,"57.5",",W","67.7",",,,W","110",",W"
"USW00023293","SAN JOSE, CA US","37.3591","-121.924","15.5","2015-03","5.1",",W","39",",W,03,+",,,"0.10",",,W,11,","89",",W,14,","0.19",",,,W",,,"60.7",",W","72.7",",,,W","320","3,W"
"USW00023293","SAN JOSE, CA US","37.3591","-121.924","15.5","2015-04","7.2",",W","41",",W,06,+",,,"0.55",",,W,07,","88",",W,30,","0.88",",,,W",,,"59.6",",W","70.6",",,,W","310",",W"
"USW00023293","SAN JOSE, CA US","37.3591","-121.924","15.5","2015-05","7.4",",W","46",",W,12,",,,"0.47",",,W,14,","84",",W,01,","0.50",",,,W",,,"60.7",",W","68.6",",,,W","320",",W"
"USW00023293","SAN JOSE, CA US","37.3591","-121.924","15.5","2015-06","6.7",",W","52",",W,19,",,,"0.10",",,W,10,","92",",W,30,","0.10",",,,W",,,"67.8",",W","79.0",",,,W","90","1,W"
"USW00023293","SAN JOSE, CA US","37.3591","-121.924","15.5","2015-07","7.6",",W","55",",W,24,",,,"0.00",",T,W,31,+","94",",W,28,","0.00",",T,,W",,,"70.1",",W","79.7",",,,W","290",",W"
"USW00023293","SAN JOSE, CA US","37.3591","-121.924","15.5","2015-08","7.2",",W","57",",W,12,+",,,"0.02",",,W,06,","97",",W,16,","0.02",",,,W",,,"71.2",",W","81.7",",,,W","310",",W"
"USW00023293","SAN JOSE, CA US","37.3591","-121.924","15.5","2015-09","5.8",",W","52",",W,16,+",,,"0.01",",,W,30,","97",",W,21,","0.01",",,,W",,,"70.2",",W","82.4",",,,W","310","1,W"
"USW00023293","SAN JOSE, CA US","37.3591","-121.924","15.5","2015-10","4.9",",W","49",",W,30,",,,"0.03",",,W,01,","93",",W,13,","0.06",",,,W",,,"67.7",",W","79.1",",,,W","270","1,W"
"USW00023293","SAN JOSE, CA US","37.3591","-121.924","15.5","2015-11","4.7",",W","31",",W,28,",,,"1.13",",,W,02,","73",",W,01,","2.42",",,,W",,,"52.8",",W","62.9",",,,W","30",",W"
"USW00023293","SAN JOSE, CA US","37.3591","-121.924","15.5","2015-12","5.8",",W","30",",W,27,",,,"0.49",",,W,21,","71",",W,09,","2.23",",,,W",,,"49.9",",W","58.4",",,,W","290",",W"
"USW00023293","SAN JOSE, CA US","37.3591","-121.924","15.5","2016-01","6.3",",W","33",",W,01,",,,"0.97",",,W,05,","68",",W,29,+","4.09",",,,W",,,"53.9",",W","60.6",",,,W","270",",W"
"USW00023293","SAN JOSE, CA US","37.3591","-121.924","15.5","2016-02","5.1",",W","38",",W,03,+",,,"0.15",",,W,17,","80",",W,16,","0.31",",,,W",,,"57.5",",W","69.0",",,,W","190",",W"
"USW00023293","SAN JOSE, CA US","37.3591","-121.924","15.5","2016-03","7.4",",W","41",",W,29,+",,,"1.20",",,W,05,","77",",W,17,+","3.96",",,,W",,,"58.1",",W","67.1",",,,W","330",",W"
"US1CASC0042","SUNNYVALE 3.6 S, CA US","37.3344","-122.018","51.8","2015-01",,,,,"0.0","1,,N,31,+","0.01",",,N,19,",,,"0.01",",,,N","0.0","1,,,N",,,,,,
"US1CASC0042","SUNNYVALE 3.6 S, CA US","37.3344","-122.018","51.8","2015-02",,,,,"0.0","5,,N,28,+","1.72",",,N,07,",,,"2.82",",,,N","0.0","5,,,N",,,,,,
"US1CASC0042","SUNNYVALE 3.6 S, CA US","37.3344","-122.018","51.8","2015-03",,,,,,,"0.05","3,,N,11,",,,"0.16","3,,,N",,,,,,,,
"US1CASC0042","SUNNYVALE 3.6 S, CA US","37.3344","-122.018","51.8","2015-04",,,,,"0.0","4,,N,30,+","0.44",",,N,07,",,,"0.72",",,,N","0.0","4,,,N",,,,,,
"US1CASC0042","SUNNYVALE 3.6 S, CA US","37.3344","-122.018","51.8","2015-06",,,,,"0.0","2,,N,30,+","0.11",",,N,11,",,,"0.11",",,,N","0.0","2,,,N",,,,,,
"US1CASC0042","SUNNYVALE 3.6 S, CA US","37.3344","-122.018","51.8","2015-07",,,,,"0.0","4,,N,31,+","0.01","2,,N,20,+",,,"0.02","2,,,N","0.0","4,,,N",,,,,,
"US1CASC0042","SUNNYVALE 3.6 S, CA US","37.3344","-122.018","51.8","2015-08",,,,,"0.0","5,,N,31,+","0.01","4,,N,07,",,,"0.01","4,,,N","0.0","5,,,N",,,,,,
"US1CASC0042","SUNNYVALE 3.6 S, CA US","37.3344","-122.018","51.8","2015-09",,,,,"0.0","1,,N,30,+","0.00",",T,N,15,",,,"0.00",",T,,N","0.0","1,,,N",,,,,,
"US1CASC0042","SUNNYVALE 3.6 S, CA US","37.3344","-122.018","51.8","2015-10",,,,,"0.0","5,,N,31,+","0.05","1,,N,28,",,,"0.08","1,,,N","0.0","5,,,N",,,,,,
"US1CASC0042","SUNNYVALE 3.6 S, CA US","37.3344","-122.018","51.8","2015-11",,,,,,,"0.73","5,,N,02,",,,"2.66","5,,,N",,,,,,,,
"US1CASC0042","SUNNYVALE 3.6 S, CA US","37.3344","-122.018","51.8","2015-12",,,,,,,"0.52","2,,N,22,",,,"2.24","2,,,N",,,,,,,,
"US1CASC0042","SUNNYVALE 3.6 S, CA US","37.3344","-122.018","51.8","2016-01",,,,,,,"0.93",",,N,18,",,,"4.43",",,,N",,,,,,,,
"US1CASC0042","SUNNYVALE 3.6 S, CA US","37.3344","-122.018","51.8","2016-03",,,,,,,"1.66","1,,N,06,",,,"4.04","1,,,N",,,,,,,,
"US1CASC0041","LOS ALTOS HILLS 1.3 N, CA US","37.3865","-122.1355","59.1","2015-04",,,,,,,"0.77","4,,N,07,",,,"1.18","4,,,N",,,,,,,,
"US1CASC0041","LOS ALTOS HILLS 1.3 N, CA US","37.3865","-122.1355","59.1","2015-12",,,,,,,"0.84","3,,N,22,",,,"2.81","3,,,N",,,,,,,,
"US1CASC0041","LOS ALTOS HILLS 1.3 N, CA US","37.3865","-122.1355","59.1","2016-02",,,,,,,"0.72","2,,N,18,",,,"0.86","2,,,N",,,,,,,,
"USR0000CPOV","POVERTY CALIFORNIA, CA US","37.4431","-121.7706","629.7","2015-01",,,"35",",U,01,",,,,,"76",",U,25,",,,,,"55.5",",U","61.9",",,,U",,
"USR0000CPOV","POVERTY CALIFORNIA, CA US","37.4431","-121.7706","629.7","2015-02",,,"42",",U,28,+",,,,,"74",",U,13,",,,,,"56.2",",U","63.1",",,,U",,
"USR0000CPOV","POVERTY CALIFORNIA, CA US","37.4431","-121.7706","629.7","2015-03",,,"41",",U,01,",,,,,"81",",U,14,",,,,,"58.5",",U","66.9",",,,U",,
"USR0000CPOV","POVERTY CALIFORNIA, CA US","37.4431","-121.7706","629.7","2015-04",,,"38",",U,14,",,,,,"82",",U,30,",,,,,"55.6",",U","64.5",",,,U",,
"USR0000CPOV","POVERTY CALIFORNIA, CA US","37.4431","-121.7706","629.7","2015-05",,,"41",",U,13,+",,,,,"79",",U,01,",,,,,"54.9",",U","63.8",",,,U",,
"USR0000CPOV","POVERTY CALIFORNIA, CA US","37.4431","-121.7706","629.7","2015-06",,,"48",",U,03,+",,,,,"98",",U,30,",,,,,"70.2",",U","79.5",",,,U",,
"USR0000CPOV","POVERTY CALIFORNIA, CA US","37.4431","-121.7706","629.7","2015-07",,,"50",",U,23,",,,,,"97",",U,01,",,,,,"69.6",",U","79.2",",,,U",,
"USR0000CPOV","POVERTY CALIFORNIA, CA US","37.4431","-121.7706","629.7","2015-08",,,"53",",U,23,+",,,,,"97",",U,16,",,,,,"69.5",",U","79.6",",,,U",,
"USR0000CPOV","POVERTY CALIFORNIA, CA US","37.4431","-121.7706","629.7","2015-09",,,"49",",U,16,+",,,,,"97",",U,10,+",,,,,"71.8",",U","80.9",",,,U",,
"USR0000CPOV","POVERTY CALIFORNIA, CA US","37.4431","-121.7706","629.7","2015-10",,,"48",",U,03,",,,,,"92",",U,13,",,,,,"67.1",",U","75.8",",,,U",,
"USR0000CPOV","POVERTY CALIFORNIA, CA US","37.4431","-121.7706","629.7","2015-11",,,"34",",U,26,",,,,,"71",",U,20,",,,,,"51.2",",U","58.0",",,,U",,
"USR0000CPOV","POVERTY CALIFORNIA, CA US","37.4431","-121.7706","629.7","2015-12",,,"32",",U,28,",,,,,"63",",U,06,",,,,,"45.9",",U","51.0",",,,U",,
"USR0000CPOV","POVERTY CALIFORNIA, CA US","37.4431","-121.7706","629.7","2016-01",,,"31",",U,01,",,,,,"65",",U,21,",,,,,"48.9",",U","53.7",",,,U",,
"USR0000CPOV","POVERTY CALIFORNIA, CA US","37.4431","-121.7706","629.7","2016-02",,,"35","2,U,01,",,,,,"76","2,U,09,",,,,,"57.0","2,U","63.8","2,,,U",,
"USR0000CPOV","POVERTY CALIFORNIA, CA US","37.4431","-121.7706","629.7","2016-03",,,"38",",U,28,",,,,,"70",",U,17,",,,,,"52.4",",U","58.9",",,,U",,
"US1CASC0040","LOS GATOS 5.4 SSW, CA US","37.156","-121.9875","506.6","2015-01",,,,,"0.0","2,,N,31,+","0.00",",T,N,19,+",,,"0.00",",T,,N","0.0","2,,,N",,,,,,
"US1CASC0040","LOS GATOS 5.4 SSW, CA US","37.156","-121.9875","506.6","2015-02",,,,,,,"4.72",",,N,07,",,,"6.96",",,,N",,,,,,,,
"US1CASC0040","LOS GATOS 5.4 SSW, CA US","37.156","-121.9875","506.6","2015-03",,,,,,,"0.25",",,N,23,",,,"0.50",",,,N",,,,,,,,
"US1CASC0040","LOS GATOS 5.4 SSW, CA US","37.156","-121.9875","506.6","2015-04",,,,,,,"1.07",",,N,07,",,,"1.97",",,,N",,,,,,,,
"US1CASC0040","LOS GATOS 5.4 SSW, CA US","37.156","-121.9875","506.6","2015-05",,,,,"0.0","5,,N,31,+","0.08",",,N,22,+",,,"0.19",",,,N","0.0","5,,,N",,,,,,
"US1CASC0040","LOS GATOS 5.4 SSW, CA US","37.156","-121.9875","506.6","2015-06",,,,,"0.0","3,,N,30,+","0.02",",,N,11,",,,"0.03",",,,N","0.0","3,,,N",,,,,,
"US1CASC0040","LOS GATOS 5.4 SSW, CA US","37.156","-121.9875","506.6","2015-07",,,,,"0.0","1,,N,31,+","0.01",",,N,09,",,,"0.01",",,,N","0.0","1,,,N",,,,,,
"US1CASC0040","LOS GATOS 5.4 SSW, CA US","37.156","-121.9875","506.6","2015-08",,,,,"0.0","1,,N,31,+","0.01",",,N,07,",,,"0.01",",,,N","0.0","1,,,N",,,,,,
"US1CASC0040","LOS GATOS 5.4 SSW, CA US","37.156","-121.9875","506.6","2015-09",,,,,"0.0","1,,N,30,+","0.00",",T,N,15,",,,"0.00",",T,,N","0.0","1,,,N",,,,,,
"US1CASC0040","LOS GATOS 5.4 SSW, CA US","37.156","-121.9875","506.6","2015-10",,,,,"0.0","5,,N,31,+","0.03",",,N,28,+",,,"0.11",",,,N","0.0","5,,,N",,,,,,
"US1CASC0040","LOS GATOS 5.4 SSW, CA US","37.156","-121.9875","506.6","2015-11",,,,,,,"0.78",",,N,02,",,,"3.23",",,,N",,,,,,,,
"US1CASC0040","LOS GATOS 5.4 SSW, CA US","37.156","-121.9875","506.6","2015-12",,,,,,,"2.31",",,N,22,",,,"6.71",",,,N",,,,,,,,
"US1CASC0040","LOS GATOS 5.4 SSW, CA US","37.156","-121.9875","506.6","2016-01",,,,,,,"2.36",",,N,05,",,,"13.37",",,,N",,,,,,,,
"US1CASC0040","LOS GATOS 5.4 SSW, CA US","37.156","-121.9875","506.6","2016-02",,,,,,,"1.05",",,N,18,",,,"1.35",",,,N",,,,,,,,
"US1CASC0040","LOS GATOS 5.4 SSW, CA US","37.156","-121.9875","506.6","2016-03",,,,,,,"5.65",",,N,06,",,,"16.18",",,,N",,,,,,,,
"US1CASC0061","LOS GATOS 5.6 S, CA US","37.1509","-121.9778","438.6","2015-11",,,,,,,"0.70","4,,N,02,",,,"3.00","4,,,N",,,,,,,,
"US1CASC0061","LOS GATOS 5.6 S, CA US","37.1509","-121.9778","438.6","2015-12",,,,,,,"2.24","3,,N,22,",,,"7.54","3,,,N",,,,,,,,
"US1CASC0061","LOS GATOS 5.6 S, CA US","37.1509","-121.9778","438.6","2016-01",,,,,,,"2.54","2,,N,23,",,,"14.57","2,,,N",,,,,,,,
"USC00045933","MOUNT HAMILTON, CA US","37.3436","-121.6425","1282.0","2015-01",,,"35",",7,01,",,,"0.02",",,7,16,","69",",7,26,+","0.02",",,,7",,,"52.3",",7","57.2",",,,7",,
"USC00045933","MOUNT HAMILTON, CA US","37.3436","-121.6425","1282.0","2015-02",,,"31","1,7,23,",,,"1.43",",,7,07,","70",",7,13,+","2.92",",,,7",,,"52.8","1,7","58.1",",,,7",,
"USC00045933","MOUNT HAMILTON, CA US","37.3436","-121.6425","1282.0","2015-03",,,"35",",7,01,",,,"0.31",",,7,11,","74",",7,26,+","0.48",",,,7",,,"53.6",",7","60.2",",,,7",,
"USC00045933","MOUNT HAMILTON, CA US","37.3436","-121.6425","1282.0","2015-04",,,"30",",7,14,+",,,"0.85",",,7,25,","75",",7,30,","1.52",",,,7",,,"50.1",",7","57.2",",,,7",,
"USC00045933","MOUNT HAMILTON, CA US","37.3436","-121.6425","1282.0","2015-05",,,"32",",7,12,",,,"0.48",",,7,14,","80",",7,30,","0.73",",,,7",,,"53.4",",7","60.6",",,,7",,
"USC00045933","MOUNT HAMILTON, CA US","37.3436","-121.6425","1282.0","2015-06",,,"45",",7,03,",,,"0.04",",,7,10,","89",",7,30,+","0.06",",,,7",,,"69.4",",7","76.5",",,,7",,
"USC00045933","MOUNT HAMILTON, CA US","37.3436","-121.6425","1282.0","2015-07",,,"49",",7,10,",,,"0.00",",T,7,31,+","91",",7,01,","0.00",",T,,7",,,"69.1",",7","76.3",",,,7",,
"USC00045933","MOUNT HAMILTON, CA US","37.3436","-121.6425","1282.0","2015-08",,,"52",",7,30,",,,"0.03",",,7,06,","90",",7,16,","0.03",",,,7",,,"71.0",",7","78.5",",,,7",,
"USC00045933","MOUNT HAMILTON, CA US","37.3436","-121.6425","1282.0","2015-09",,,"41",",7,16,+",,,"0.00",",T,7,16,+","89",",7,11,","0.00",",T,,7",,,"67.9",",7","75.0",",,,7",,
"USC00045933","MOUNT HAMILTON, CA US","37.3436","-121.6425","1282.0","2015-10",,,"39",",7,03,",,,"0.20",",,7,01,","84",",7,13,+","0.50",",,,7",,,"62.3",",7","68.9",",,,7",,
"USC00045933","MOUNT HAMILTON, CA US","37.3436","-121.6425","1282.0","2015-11",,,"26","1,7,26,",,,"1.35","1,,7,02,","68","1,7,22,","3.62","1,,,7",,,"44.3","1,7","49.6","1,,,7",,
"USC00045933","MOUNT HAMILTON, CA US","37.3436","-121.6425","1282.0","2015-12",,,"26","1,7,25,",,,"1.94","1,,7,22,","59","1,7,07,","6.67","1,,,7",,,"39.2","1,7","44.1","1,,,7",,
"USC00045933","MOUNT HAMILTON, CA US","37.3436","-121.6425","1282.0","2016-01",,,"27",",7,31,",,,"1.86",",,7,18,","60",",7,21,","8.56",",,,7",,,"41.9",",7","46.2",",,,7",,
"USC00045933","MOUNT HAMILTON, CA US","37.3436","-121.6425","1282.0","2016-02",,,"27",",7,01,",,,"1.32",",,7,18,","73",",7,16,","2.28",",,,7",,,"52.2",",7","58.0",",,,7",,
"USC00045933","MOUNT HAMILTON, CA US","37.3436","-121.6425","1282.0","2016-03",,,"30",",7,28,",,,"1.95",",,7,05,","67",",7,17,","9.50",",,,7",,,"46.2",",7","51.9",",,,7",,
"USC00045853","MORGAN HILL, CA US","37.1363","-121.6025","114.3","2015-01",,,,,,,,,"73",",H,08,",,,,,,,"64.5",",,,H",,
"USC00045853","MORGAN HILL, CA US","37.1363","-121.6025","114.3","2015-02",,,,,,,,,"77",",H,13,",,,,,,,"68.5",",,,H",,
"USC00045853","MORGAN HILL, CA US","37.1363","-121.6025","114.3","2015-03",,,,,,,,,"87","4,H,15,",,,,,,,"73.4","4,,,H",,
"USC00045853","MORGAN HILL, CA US","37.1363","-121.6025","114.3","2015-04",,,,,,,,,"86","1,H,28,",,,,,,,"71.6","1,,,H",,
"USC00045853","MORGAN HILL, CA US","37.1363","-121.6025","114.3","2015-05",,,,,,,,,"89","3,H,01,",,,,,,,"71.7","3,,,H",,
"USC00045853","MORGAN HILL, CA US","37.1363","-121.6025","114.3","2015-06",,,,,,,,,"97","2,H,13,",,,,,,,"85.3","2,,,H",,
"USC00045853","MORGAN HILL, CA US","37.1363","-121.6025","114.3","2015-07",,,,,,,,,"96","3,H,30,",,,,,,,"85.8","3,,,H",,
"USC00045853","MORGAN HILL, CA US","37.1363","-121.6025","114.3","2015-08",,,,,,,,,"95","5,H,27,",,,,,,,"85.4","5,,,H",,
"USC00045853","MORGAN HILL, CA US","37.1363","-121.6025","114.3","2015-09",,,,,,,,,"104","1,H,11,+",,,,,,,"86.7","1,,,H",,
"USC00045853","MORGAN HILL, CA US","37.1363","-121.6025","114.3","2015-10",,,,,,,,,"96",",H,14,",,,,,,,"81.4",",,,H",,
"USC00045853","MORGAN HILL, CA US","37.1363","-121.6025","114.3","2015-11",,,,,,,,,"79","2,H,02,",,,,,,,"64.6","2,,,H",,
"USC00045853","MORGAN HILL, CA US","37.1363","-121.6025","114.3","2015-12",,,,,,,,,"67",",H,10,",,,,,,,"57.1",",,,H",,
"USC00045853","MORGAN HILL, CA US","37.1363","-121.6025","114.3","2016-01",,,,,,,,,"69",",H,28,",,,,,,,"59.5",",,,H",,
"USC00045853","MORGAN HILL, CA US","37.1363","-121.6025","114.3","2016-02",,,,,,,,,"80","1,H,16,",,,,,,,"67.8","1,,,H",,
"USC00045853","MORGAN HILL, CA US","37.1363","-121.6025","114.3","2016-03",,,,,,,,,"80","1,H,18,",,,,,,,"67.3","1,,,H",,
"USR0000CALT","LOS ALTOS CALIFORNIA, CA US","37.3581","-122.1472","196.6","2015-01",,,"33",",U,02,",,,,,"75",",U,31,",,,,,"54.6",",U","65.1",",,,U",,
"USR0000CALT","LOS ALTOS CALIFORNIA, CA US","37.3581","-122.1472","196.6","2015-02",,,"41",",U,24,+",,,,,"78",",U,13,",,,,,"58.0",",U","68.6",",,,U",,
"USR0000CALT","LOS ALTOS CALIFORNIA, CA US","37.3581","-122.1472","196.6","2015-03",,,"41",",U,04,",,,,,"88",",U,14,",,,,,"60.3",",U","73.5",",,,U",,
"USR0000CALT","LOS ALTOS CALIFORNIA, CA US","37.3581","-122.1472","196.6","2015-04",,,"40",",U,06,",,,,,"89",",U,30,",,,,,"59.0",",U","71.7",",,,U",,
"USR0000CALT","LOS ALTOS CALIFORNIA, CA US","37.3581","-122.1472","196.6","2015-05",,,"43",",U,05,",,,,,"86",",U,01,",,,,,"59.0",",U","69.2",",,,U",,
"USR0000CALT","LOS ALTOS CALIFORNIA, CA US","37.3581","-122.1472","196.6","2015-06",,,"47",",U,19,",,,,,"100",",U,08,",,,,,"68.2",",U","82.9",",,,U",,
"USR0000CALT","LOS ALTOS CALIFORNIA, CA US","37.3581","-122.1472","196.6","2015-07",,,"49",",U,24,",,,,,"98",",U,28,",,,,,"70.1",",U","83.5",",,,U",,
"USR0000CALT","LOS ALTOS CALIFORNIA, CA US","37.3581","-122.1472","196.6","2015-08",,,"52",",U,09,",,,,,"102",",U,16,",,,,,"71.0",",U","84.7",",,,U",,
"USR0000CALT","LOS ALTOS CALIFORNIA, CA US","37.3581","-122.1472","196.6","2015-09",,,"46",",U,04,",,,,,"101",",U,09,",,,,,"70.7",",U","85.2",",,,U",,
"USR0000CALT","LOS ALTOS CALIFORNIA, CA US","37.3581","-122.1472","196.6","2015-10",,,"49",",U,04,",,,,,"96",",U,13,",,,,,"68.1",",U","81.4",",,,U",,
"USR0000CALT","LOS ALTOS CALIFORNIA, CA US","37.3581","-122.1472","196.6","2015-11",,,"32",",U,27,",,,,,"76",",U,01,",,,,,"54.0",",U","64.5",",,,U",,
"USR0000CALT","LOS ALTOS CALIFORNIA, CA US","37.3581","-122.1472","196.6","2015-12",,,"30",",U,27,",,,,,"71",",U,06,",,,,,"50.2",",U","58.5",",,,U",,
"USR0000CALT","LOS ALTOS CALIFORNIA, CA US","37.3581","-122.1472","196.6","2016-01",,,"33",",U,01,",,,,,"70",",U,29,",,,,,"52.5",",U","59.8",",,,U",,
"USR0000CALT","LOS ALTOS CALIFORNIA, CA US","37.3581","-122.1472","196.6","2016-02",,,"36",",U,03,",,,,,"79",",U,16,+",,,,,"57.7",",U","69.6",",,,U",,
"USR0000CALT","LOS ALTOS CALIFORNIA, CA US","37.3581","-122.1472","196.6","2016-03",,,"39",",U,30,+",,,,,"78",",U,17,",,,,,"56.4",",U","66.6",",,,U",,
"US1CASC0018","SAN JOSE 3.0 WSW, CA US","37.3086","-121.9272","48.5","2015-07",,,,,"0.0",",,N,31,+","0.00",",,N,31,+",,,"0.00",",,,N","0.0",",,,N",,,,,,
"US1CASC0018","SAN JOSE 3.0 WSW, CA US","37.3086","-121.9272","48.5","2015-08",,,,,"0.0","1,,N,31,+","0.01",",,N,07,",,,"0.01",",,,N","0.0","1,,,N",,,,,,
"US1CASC0018","SAN JOSE 3.0 WSW, CA US","37.3086","-121.9272","48.5","2015-09",,,,,"0.0",",,N,30,+","0.00",",,N,30,+",,,"0.00",",,,N","0.0",",,,N",,,,,,
"US1CASC0018","SAN JOSE 3.0 WSW, CA US","37.3086","-121.9272","48.5","2015-10",,,,,,,"0.04","5,,N,01,",,,"0.06","5,,,N",,,,,,,,
"US1CASC0018","SAN JOSE 3.0 WSW, CA US","37.3086","-121.9272","48.5","2016-02",,,,,"0.0","5,,N,29,+","0.00","5,,N,29,+",,,"0.00","5,,,N","0.0","5,,,N",,,,,,
"USC00046646","PALO ALTO, CA US","37.4436","-122.1402","7.6","2015-01",,,"30","4,7,04,+",,,"0.00","4,,7,31,+","68","4,7,30,","0.00","4,,,7",,,"48.8","4,7","60.0","4,,,7",,
"USC00046646","PALO ALTO, CA US","37.4436","-122.1402","7.6","2015-04",,,"39",",7,06,",,,"0.50",",,7,07,","85",",7,27,","0.63",",,,7",,,"59.3",",7","73.3",",,,7",,
"USC00046646","PALO ALTO, CA US","37.4436","-122.1402","7.6","2015-05",,,"40","3,7,04,",,,"0.49","3,,,15,","83","3,7,01,","0.49","1,a,,",,,"60.6","3,7","70.8","3,,,7",,
"USC00046646","PALO ALTO, CA US","37.4436","-122.1402","7.6","2015-06",,,"50","3,7,23,+",,,,,"94","3,7,08,","0.15","1,a,,",,,"66.5","3,7","78.7","3,,,7",,
"USC00046646","PALO ALTO, CA US","37.4436","-122.1402","7.6","2015-07",,,"52","4,7,25,+",,,"0.10","4,,7,10,","98","4,7,29,","0.10","4,,,7",,,"70.6","4,7","82.3","4,,,7",,
"USC00046646","PALO ALTO, CA US","37.4436","-122.1402","7.6","2015-09",,,"49","2,7,05,",,,"0.00","2,,7,30,+","97","2,7,22,+","0.00","2,,,7",,,"70.3","2,7","85.8","2,,,7",,
"USC00046646","PALO ALTO, CA US","37.4436","-122.1402","7.6","2015-10",,,"48","2,7,21,",,,"0.04","2,,7,01,","89","2,7,14,","0.05","2,,,7",,,"65.2","2,7","76.9","2,,,7",,
"USC00046646","PALO ALTO, CA US","37.4436","-122.1402","7.6","2015-11",,,"29","2,7,30,+",,,"0.35","2,,7,15,","79","2,7,01,","0.98","2,,,7",,,"50.6","2,7","61.2","2,,,7",,
"USC00046646","PALO ALTO, CA US","37.4436","-122.1402","7.6","2015-12",,,"27","3,7,28,",,,"0.57","3,,7,22,","68","3,7,09,","2.42","3,,,7",,,"47.4","3,7","56.0","3,,,7",,
"USC00046646","PALO ALTO, CA US","37.4436","-122.1402","7.6","2016-01",,,"32","4,7,01,",,,"1.45","4,,7,18,","66","4,7,30,","4.67","4,,,7",,,"50.0","4,7","57.2","4,,,7",,
"USC00046646","PALO ALTO, CA US","37.4436","-122.1402","7.6","2016-02",,,"37","5,7,06,+",,,"0.11","3,,7,02,","76","5,7,17,+","0.25","3,,,7",,,"54.6","5,7","66.4","5,,,7",,
"USC00046646","PALO ALTO, CA US","37.4436","-122.1402","7.6","2016-03",,,"39","3,7,30,",,,"1.11","2,,7,06,","77","3,7,18,","3.33","2,,,7",,,"56.2","3,7","66.9","3,,,7",,
"US1CASC0057","MORGAN HILL 4.5 NW, CA US","37.1725","-121.703","94.5","2015-01",,,,,"0.0",",,N,31,+","0.00",",,N,31,+",,,"0.00",",,,N","0.0",",,,N",,,,,,
"US1CASC0057","MORGAN HILL 4.5 NW, CA US","37.1725","-121.703","94.5","2015-02",,,,,"0.0","4,,N,28,+","2.67",",,N,07,",,,"3.04",",,,N","0.0","4,,,N",,,,,,
"US1CASC0057","MORGAN HILL 4.5 NW, CA US","37.1725","-121.703","94.5","2015-03",,,,,"0.0","5,,N,31,+","0.42",",,N,01,",,,"0.70",",,,N","0.0","5,,,N",,,,,,
"US1CASC0057","MORGAN HILL 4.5 NW, CA US","37.1725","-121.703","94.5","2015-04",,,,,"0.0","3,,N,30,+","0.68",",,N,07,",,,"1.02",",,,N","0.0","3,,,N",,,,,,
"US1CASC0057","MORGAN HILL 4.5 NW, CA US","37.1725","-121.703","94.5","2015-05",,,,,"0.0","2,,N,31,+","0.21",",,N,08,",,,"0.21",",,,N","0.0","2,,,N",,,,,,
"US1CASC0057","MORGAN HILL 4.5 NW, CA US","37.1725","-121.703","94.5","2015-06",,,,,"0.0",",,N,30,+","0.00",",,N,30,+",,,"0.00",",,,N","0.0",",,,N",,,,,,
"US1CASC0057","MORGAN HILL 4.5 NW, CA US","37.1725","-121.703","94.5","2015-07",,,,,"0.0",",,N,31,+","0.00",",,N,31,+",,,"0.00",",,,N","0.0",",,,N",,,,,,
"US1CASC0057","MORGAN HILL 4.5 NW, CA US","37.1725","-121.703","94.5","2015-08",,,,,"0.0","1,,N,31,+","0.01",",,N,07,",,,"0.01",",,,N","0.0","1,,,N",,,,,,
"US1CASC0057","MORGAN HILL 4.5 NW, CA US","37.1725","-121.703","94.5","2015-09",,,,,"0.0",",,N,30,+","0.00",",,N,30,+",,,"0.00",",,,N","0.0",",,,N",,,,,,
"US1CASC0057","MORGAN HILL 4.5 NW, CA US","37.1725","-121.703","94.5","2015-10",,,,,"0.0","4,,N,31,+","0.06",",,N,01,",,,"0.16",",,,N","0.0","4,,,N",,,,,,
"US1CASC0057","MORGAN HILL 4.5 NW, CA US","37.1725","-121.703","94.5","2015-11",,,,,,,"0.59",",,N,10,",,,"2.74",",,,N",,,,,,,,
"US1CASC0057","MORGAN HILL 4.5 NW, CA US","37.1725","-121.703","94.5","2015-12",,,,,,,"0.73",",,N,14,",,,"2.61",",,,N",,,,,,,,
"US1CASC0057","MORGAN HILL 4.5 NW, CA US","37.1725","-121.703","94.5","2016-01",,,,,,,"1.37",",,N,23,",,,"6.87",",,,N",,,,,,,,
"US1CASC0057","MORGAN HILL 4.5 NW, CA US","37.1725","-121.703","94.5","2016-02",,,,,"0.0","5,,N,29,+","0.42",",,N,18,",,,"0.71",",,,N","0.0","5,,,N",,,,,,
"US1CASC0057","MORGAN HILL 4.5 NW, CA US","37.1725","-121.703","94.5","2016-03",,,,,,,"1.95",",,N,06,",,,"5.37",",,,N",,,,,,,,
"US1CASC0012","SAN JOSE 3.5 ENE, CA US","37.319","-121.7887","61.0","2015-01",,,,,"0.0","5,,N,31,+","0.01",",,N,31,+",,,"0.02",",,,N","0.0","5,,,N",,,,,,
"US1CASC0012","SAN JOSE 3.5 ENE, CA US","37.319","-121.7887","61.0","2015-02",,,,,"0.0","4,,N,28,+","1.24",",,N,07,",,,"2.09",",,,N","0.0","4,,,N",,,,,,
"US1CASC0012","SAN JOSE 3.5 ENE, CA US","37.319","-121.7887","61.0","2015-03",,,,,,,"0.13",",,N,12,",,,"0.31",",,,N",,,,,,,,
"US1CASC0012","SAN JOSE 3.5 ENE, CA US","37.319","-121.7887","61.0","2015-04",,,,,"0.0","5,,N,30,+","0.58",",,N,07,",,,"1.21",",,,N","0.0","5,,,N",,,,,,
"US1CASC0012","SAN JOSE 3.5 ENE, CA US","37.319","-121.7887","61.0","2015-05",,,,,"0.0","4,,N,31,+","0.71",",,N,15,",,,"0.87",",,,N","0.0","4,,,N",,,,,,
"US1CASC0012","SAN JOSE 3.5 ENE, CA US","37.319","-121.7887","61.0","2015-06",,,,,"0.0","4,,N,30,+","0.03",",,N,11,",,,"0.03",",,,N","0.0","4,,,N",,,,,,
"US1CASC0012","SAN JOSE 3.5 ENE, CA US","37.319","-121.7887","61.0","2015-07",,,,,"0.0","1,,N,31,+","0.00",",T,N,10,",,,"0.00",",T,,N","0.0","1,,,N",,,,,,
"US1CASC0012","SAN JOSE 3.5 ENE, CA US","37.319","-121.7887","61.0","2015-08",,,,,"0.0","1,,N,31,+","0.03",",,N,07,",,,"0.03",",,,N","0.0","1,,,N",,,,,,
"US1CASC0012","SAN JOSE 3.5 ENE, CA US","37.319","-121.7887","61.0","2015-09",,,,,"0.0","3,,N,30,+","0.00",",T,N,15,+",,,"0.00",",T,,N","0.0","3,,,N",,,,,,
"US1CASC0012","SAN JOSE 3.5 ENE, CA US","37.319","-121.7887","61.0","2015-10",,,,,,,"0.07",",,N,01,",,,"0.24",",,,N",,,,,,,,
"US1CASC0012","SAN JOSE 3.5 ENE, CA US","37.319","-121.7887","61.0","2015-11",,,,,,,"0.75",",,N,02,",,,"2.80",",,,N",,,,,,,,
"US1CASC0012","SAN JOSE 3.5 ENE, CA US","37.319","-121.7887","61.0","2016-01",,,,,,,"1.06",",,N,07,",,,"5.32",",,,N",,,,,,,,
"US1CASC0012","SAN JOSE 3.5 ENE, CA US","37.319","-121.7887","61.0","2016-02",,,,,,,"0.45",",,N,18,",,,"0.67",",,,N",,,,,,,,
"US1CASC0012","SAN JOSE 3.5 ENE, CA US","37.319","-121.7887","61.0","2016-03",,,,,,,"1.30","1,,N,06,",,,"4.27","1,,,N",,,,,,,,
"US1CASC0015","SARATOGA 0.5 N, CA US","37.2748","-122.0227","113.7","2015-01",,,,,,,"0.01","1,,N,19,",,,"0.01","1,,,N",,,,,,,,
"US1CASC0015","SARATOGA 0.5 N, CA US","37.2748","-122.0227","113.7","2015-02",,,,,,,"2.82",",,N,07,",,,"4.57",",,,N",,,,,,,,
"US1CASC0015","SARATOGA 0.5 N, CA US","37.2748","-122.0227","113.7","2015-03",,,,,,,"0.08",",,N,11,",,,"0.24",",,,N",,,,,,,,
"US1CASC0015","SARATOGA 0.5 N, CA US","37.2748","-122.0227","113.7","2015-04",,,,,,,"0.96",",,N,07,",,,"1.35",",,,N",,,,,,,,
"US1CASC0015","SARATOGA 0.5 N, CA US","37.2748","-122.0227","113.7","2015-05",,,,,,,"0.06",",,N,08,",,,"0.08",",,,N",,,,,,,,
"US1CASC0015","SARATOGA 0.5 N, CA US","37.2748","-122.0227","113.7","2015-06",,,,,"0.0","3,,N,30,+","0.09",",,N,11,",,,"0.11",",,,N","0.0","3,,,N",,,,,,
"US1CASC0015","SARATOGA 0.5 N, CA US","37.2748","-122.0227","113.7","2015-07",,,,,,,"0.00",",T,N,09,+",,,"0.00",",T,,N",,,,,,,,
"US1CASC0015","SARATOGA 0.5 N, CA US","37.2748","-122.0227","113.7","2015-08",,,,,,,"0.00",",T,N,07,+",,,"0.00",",T,,N",,,,,,,,
"US1CASC0015","SARATOGA 0.5 N, CA US","37.2748","-122.0227","113.7","2015-09",,,,,"0.0","3,,N,30,+","0.00",",T,N,13,",,,"0.00",",T,,N","0.0","3,,,N",,,,,,
"US1CASC0015","SARATOGA 0.5 N, CA US","37.2748","-122.0227","113.7","2015-10",,,,,,,"0.05",",,N,28,",,,"0.09",",,,N",,,,,,,,
"US1CASC0015","SARATOGA 0.5 N, CA US","37.2748","-122.0227","113.7","2015-11",,,,,,,"0.83",",,N,02,",,,"2.56",",,,N",,,,,,,,
"US1CASC0015","SARATOGA 0.5 N, CA US","37.2748","-122.0227","113.7","2015-12",,,,,,,"0.80",",,N,22,",,,"2.78",",,,N",,,,,,,,
"US1CASC0015","SARATOGA 0.5 N, CA US","37.2748","-122.0227","113.7","2016-01",,,,,,,"1.29",",,N,05,",,,"6.15",",,,N",,,,,,,,
"US1CASC0015","SARATOGA 0.5 N, CA US","37.2748","-122.0227","113.7","2016-02",,,,,,,"0.92",",,N,18,",,,"1.04",",,,N",,,,,,,,
"US1CASC0015","SARATOGA 0.5 N, CA US","37.2748","-122.0227","113.7","2016-03",,,,,,,"2.52",",,N,06,",,,"7.28",",,,N",,,,,,,,
"USC00043417","GILROY, CA US","37.003","-121.5608","59.1","2015-01",,,"27","3,7,01,",,,"0.00","3,,7,31,+","73","3,7,26,+","0.00","3,,,7",,,"52.5","3,7","65.9","3,,,7",,
"USC00043417","GILROY, CA US","37.003","-121.5608","59.1","2015-02",,,"34","1,7,25,+",,,"2.00","1,,7,07,","79","1,7,13,","2.80","1,,,7",,,"58.0","1,7","70.7","1,,,7",,
"USC00043417","GILROY, CA US","37.003","-121.5608","59.1","2016-01",,,"30","4,7,01,",,,"1.15","4,,7,06,","67","4,7,24,+","6.87","4,,,7",,,"52.1","4,7","60.6","4,,,7",,
